question,answer
What time do you open?,We are open every day from 8:00 AM to 8:00 PM.
Where is your shop located?,Our shop is located in Tuol Kork, Phnom Penh, near the ToulTompoung.
How can I pay?,We accept cash, ABA Pay, Wing, and all standard KHQR payments.
Do you offer delivery?,Yes! We offer delivery within Phnom Penh for $1.50 (6,000 Riel) via Grab or foodpanda.
How much is a phone mount?,Our standard metal phone mount is $10 (40,000 Riel), and the anti-vibration mount is $15 (60,000 Riel).
Do you sell full-face helmets?,Yes, our full-face DOT-certified helmets start at $45 (180,000 Riel). We have brands like LS2 and HJC.
How much are half helmets?,Standard half helmets for city riding are $12 (48,000 Riel).
Do you have raincoats for riding?,Yes, we sell heavy-duty 2-piece riding raincoats for $18 (72,000 Riel).
How much are riding gloves?,Breathable summer riding gloves are $8 (32,000 Riel) and leather gloves are $20 (80,000 Riel).
Do you sell LED spotlights?,Yes! Mini driving lights are $25 (100,000 Riel) per pair. 
Do you install the accessories?,Yes, we offer free installation for phone mounts and mirrors. Electrical installations (like LED lights) cost a $5 (20,000 Riel) labor fee.
What is your return policy?,We offer a 3-day exchange policy if the item is defective. Please keep your receipt.
Do you have bar-end mirrors?,Yes, CNC aluminum bar-end mirrors are $15 (60,000 Riel) per pair.
Do you sell exhaust pipes?,We sell slip-on exhaust pipes starting at $60 (240,000 Riel). Please note we charge $10 for exhaust installation.
What is your phone number?,You can call or Telegram us at 0963719181.